{
  "id": "1402741",
  "name": "IDI信息平台",
  "font_family": "iconfont",
  "css_prefix_text": "icon-",
  "description": "",
  "glyphs": [
    {
      "icon_id": "1417470",
      "name": "标识类_钥匙",
      "font_class": "biaoshilei_yuechi",
      "unicode": "e624",
      "unicode_decimal": 58916
    },
    {
      "icon_id": "11372693",
      "name": "删除",
      "font_class": "shanchu",
      "unicode": "e8b6",
      "unicode_decimal": 59574
    },
    {
      "icon_id": "11474272",
      "name": "editor",
      "font_class": "editor",
      "unicode": "e6f6",
      "unicode_decimal": 59126
    },
    {
      "icon_id": "12140238",
      "name": "icon_刷脸",
      "font_class": "icon_shualian",
      "unicode": "e607",
      "unicode_decimal": 58887
    },
    {
      "icon_id": "12140239",
      "name": "icon_修改信息",
      "font_class": "icon_xiugaixinxi",
      "unicode": "e608",
      "unicode_decimal": 58888
    },
    {
      "icon_id": "12140240",
      "name": "icon_语音",
      "font_class": "icon_yuyin",
      "unicode": "e609",
      "unicode_decimal": 58889
    },
    {
      "icon_id": "12140241",
      "name": "icon_时间节点",
      "font_class": "icon_shijianjiedian",
      "unicode": "e60a",
      "unicode_decimal": 58890
    },
    {
      "icon_id": "12140242",
      "name": "icon_修改密码",
      "font_class": "icon_xiugaimima",
      "unicode": "e60b",
      "unicode_decimal": 58891
    },
    {
      "icon_id": "12140243",
      "name": "icon_搜索",
      "font_class": "icon_sousuo",
      "unicode": "e60c",
      "unicode_decimal": 58892
    },
    {
      "icon_id": "12140244",
      "name": "icon_设置",
      "font_class": "icon_shezhi1",
      "unicode": "e60d",
      "unicode_decimal": 58893
    },
    {
      "icon_id": "12140245",
      "name": "icon_展开箭头",
      "font_class": "icon_zhankaijiantou",
      "unicode": "e60e",
      "unicode_decimal": 58894
    },
    {
      "icon_id": "12140246",
      "name": "icon_拍照",
      "font_class": "icon_paizhao1",
      "unicode": "e60f",
      "unicode_decimal": 58895
    },
    {
      "icon_id": "12140247",
      "name": "icon_我的项目",
      "font_class": "icon_wodexiangmu",
      "unicode": "e610",
      "unicode_decimal": 58896
    },
    {
      "icon_id": "12140248",
      "name": "icon_相机",
      "font_class": "icon_xiangji",
      "unicode": "e611",
      "unicode_decimal": 58897
    },
    {
      "icon_id": "12140249",
      "name": "未读",
      "font_class": "weidu",
      "unicode": "e612",
      "unicode_decimal": 58898
    },
    {
      "icon_id": "12140250",
      "name": "已读",
      "font_class": "yidu",
      "unicode": "e613",
      "unicode_decimal": 58899
    },
    {
      "icon_id": "12140251",
      "name": "icon_手势密码",
      "font_class": "icon_shoushimima",
      "unicode": "e614",
      "unicode_decimal": 58900
    },
    {
      "icon_id": "12140516",
      "name": "icon_感叹号",
      "font_class": "icon_gantanhao",
      "unicode": "e615",
      "unicode_decimal": 58901
    },
    {
      "icon_id": "12140517",
      "name": "icon_返回",
      "font_class": "icon_fanhui",
      "unicode": "e616",
      "unicode_decimal": 58902
    },
    {
      "icon_id": "12140518",
      "name": "icon_关于",
      "font_class": "icon_guanyu",
      "unicode": "e617",
      "unicode_decimal": 58903
    },
    {
      "icon_id": "12140519",
      "name": "icon_关注",
      "font_class": "icon_guanzhu",
      "unicode": "e618",
      "unicode_decimal": 58904
    },
    {
      "icon_id": "12140544",
      "name": "icon_审批完成",
      "font_class": "icon_shenpiwancheng",
      "unicode": "e619",
      "unicode_decimal": 58905
    },
    {
      "icon_id": "12140545",
      "name": "icon_待审批",
      "font_class": "icon_daishenpi",
      "unicode": "e61a",
      "unicode_decimal": 58906
    },
    {
      "icon_id": "12140546",
      "name": "icon_审批提交",
      "font_class": "icon_shenpitijiao",
      "unicode": "e61b",
      "unicode_decimal": 58907
    },
    {
      "icon_id": "12140579",
      "name": "icon_关注",
      "font_class": "icon_guanzhu1",
      "unicode": "e61c",
      "unicode_decimal": 58908
    },
    {
      "icon_id": "12140580",
      "name": "icon_筛选",
      "font_class": "icon_shaixuan",
      "unicode": "e61d",
      "unicode_decimal": 58909
    },
    {
      "icon_id": "12140581",
      "name": "icon_定位",
      "font_class": "icon_dingwei",
      "unicode": "e61e",
      "unicode_decimal": 58910
    },
    {
      "icon_id": "12140582",
      "name": "icon_提示",
      "font_class": "icon_tishi",
      "unicode": "e61f",
      "unicode_decimal": 58911
    },
    {
      "icon_id": "12140649",
      "name": "icon_通过",
      "font_class": "icon_tongguo",
      "unicode": "e620",
      "unicode_decimal": 58912
    },
    {
      "icon_id": "12140650",
      "name": "icon_搜索",
      "font_class": "icon_sousuo1",
      "unicode": "e621",
      "unicode_decimal": 58913
    },
    {
      "icon_id": "12140671",
      "name": "icon_返回",
      "font_class": "icon_fanhui1",
      "unicode": "e622",
      "unicode_decimal": 58914
    },
    {
      "icon_id": "12140672",
      "name": "icon_设置",
      "font_class": "icon_shezhi",
      "unicode": "e623",
      "unicode_decimal": 58915
    }
  ]
}
